"","type","sex","speaker","vowel","repetition","f0","f1","f2","f3"
"1","m","m",1,"i",1,160,240,2280,2850
"2","m","m",1,"i",2,186,280,2400,2790
"3","m","m",1,"I",1,203,390,2030,2640
"4","m","m",1,"I",2,192,310,1980,2550
"5","m","m",1,"E",1,161,490,1870,2420
"6","m","m",1,"E",2,155,570,1700,2600
"7","m","m",1,"{",1,140,560,1820,2660
"8","m","m",1,"{",2,180,630,1700,2550
"9","m","m",1,"V",1,144,590,1250,2620
"10","m","m",1,"V",2,148,620,1300,2530
"11","m","m",1,"A",1,148,740,1070,2490
"12","m","m",1,"A",2,170,800,1060,2640
"13","m","m",1,"O",1,161,600,970,2280
"14","m","m",1,"O",2,158,660,980,2220
"15","m","m",1,"U",1,163,440,1120,2210
"16","m","m",1,"U",2,190,400,1070,2280
"17","m","m",1,"u",1,160,240,1040,2150
"18","m","m",1,"u",2,157,270,930,2280
"19","m","m",1,"3'",1,177,370,1520,1670
"20","m","m",1,"3'",2,164,460,1330,1590
"21","m","m",2,"i",1,147,220,2220,2910
"22","m","m",2,"i",2,148,210,2360,3250
"23","m","m",2,"I",1,141,410,1890,2680
"24","m","m",2,"I",2,139,420,1850,2500
"25","m","m",2,"E",1,136,500,1760,2590
"26","m","m",2,"E",2,135,510,1710,2380
"27","m","m",2,"{",1,128,690,1610,2560
"28","m","m",2,"{",2,131,700,1690,2580
"29","m","m",2,"V",1,140,650,1080,2420
"30","m","m",2,"V",2,125,625,1060,2490
"31","m","m",2,"A",1,140,650,1040,2450
"32","m","m",2,"A",2,136,670,1100,2430
"33","m","m",2,"O",1,149,580,580,2470
"34","m","m",2,"O",2,140,560,560,2410
"35","m","m",2,"U",1,145,450,940,1910
"36","m","m",2,"U",2,141,410,830,2240
"37","m","m",2,"u",1,140,280,650,3300
"38","m","m",2,"u",2,137,260,660,3300
"39","m","m",2,"3'",1,145,510,1210,1570
"40","m","m",2,"3'",2,145,510,1130,1510
"41","m","m",3,"i",1,105,250,2180,2680
"42","m","m",3,"i",2,111,244,2300,2780
"43","m","m",3,"I",1,100,400,1930,2610
"44","m","m",3,"I",2,104,400,1990,2700
"45","m","m",3,"E",1,100,550,1810,2500
"46","m","m",3,"E",2,95,540,1810,2480
"47","m","m",3,"{",1,93,630,1710,2400
"48","m","m",3,"{",2,94,658,1755,2305
"49","m","m",3,"V",1,100,600,1200,2320
"50","m","m",3,"V",2,105,612,1160,2350
"51","m","m",3,"A",1,91,640,1080,2140
"52","m","m",3,"A",2,94,720,1090,2230
"53","m","m",3,"O",1,92,550,870,2300
"54","m","m",3,"O",2,120,540,840,2280
"55","m","m",3,"U",1,114,460,1150,2290
"56","m","m",3,"U",2,114,456,1030,2300
"57","m","m",3,"u",1,112,340,950,2240
"58","m","m",3,"u",2,112,326,900,2190
"59","m","m",3,"3'",1,100,500,1370,1780
"60","m","m",3,"3'",2,106,530,1330,1800
"61","m","m",4,"i",1,150,300,2240,3400
"62","m","m",4,"i",2,156,280,2450,3200
"63","m","m",4,"I",1,156,450,1960,2400
"64","m","m",4,"I",2,146,440,2050,2360
"65","m","m",4,"E",1,130,570,1780,2410
"66","m","m",4,"E",2,150,555,1890,2440
"67","m","m",4,"{",1,125,750,1610,2340
"68","m","m",4,"{",2,136,770,1580,2350
"69","m","m",4,"V",1,132,660,1200,2330
"70","m","m",4,"V",2,150,675,1140,2380
"71","m","m",4,"A",1,125,750,1100,2550
"72","m","m",4,"A",2,138,800,1120,2500
"73","m","m",4,"O",1,143,540,850,2320
"74","m","m",4,"O",2,150,555,890,2370
"75","m","m",4,"U",1,136,460,960,2210
"76","m","m",4,"U",2,156,460,1000,2350
"77","m","m",4,"u",1,140,380,950,2050
"78","m","m",4,"u",2,148,385,850,2330
"79","m","m",4,"3'",1,150,590,1400,1840
"80","m","m",4,"3'",2,145,555,1430,1730
"81","m","m",5,"i",1,140,310,2310,2820
"82","m","m",5,"i",2,131,260,2250,2850
"83","m","m",5,"I",1,137,440,2060,2640
"84","m","m",5,"I",2,134,430,1880,2450
"85","m","m",5,"E",1,140,580,1910,2500
"86","m","m",5,"E",2,137,550,1770,2400
"87","m","m",5,"{",1,143,830,1720,2180
"88","m","m",5,"{",2,135,750,1690,2320
"89","m","m",5,"V",1,136,630,1300,1950
"90","m","m",5,"V",2,130,650,1170,2000
"91","m","m",5,"A",1,131,760,1220,2140
"92","m","m",5,"A",2,126,720,1260,2020
"93","m","m",5,"O",1,136,540,970,1980
"94","m","m",5,"O",2,124,550,880,1950
"95","m","m",5,"U",1,133,470,1040,1990
"96","m","m",5,"U",2,132,490,990,1920
"97","m","m",5,"u",1,141,380,950,2140
"98","m","m",5,"u",2,133,330,800,2130
"99","m","m",5,"3'",1,143,560,1510,1800
"100","m","m",5,"3'",2,136,510,1460,1700
"101","m","m",6,"i",1,125,312,2350,2800
"102","m","m",6,"i",2,119,330,2430,2870
"103","m","m",6,"I",1,133,420,2000,2660
"104","m","m",6,"I",2,125,313,2000,2750
"105","m","m",6,"E",1,120,600,1860,2500
"106","m","m",6,"E",2,114,570,1830,2570
"107","m","m",6,"{",1,119,676,1670,2540
"108","m","m",6,"{",2,125,725,1687,2500
"109","m","m",6,"V",1,118,680,1150,2560
"110","m","m",6,"V",2,125,726,1270,2560
"111","m","m",6,"A",1,125,740,1100,2680
"112","m","m",6,"A",2,113,670,960,2650
"113","m","m",6,"O",1,120,660,1030,2690
"114","m","m",6,"O",2,125,720,960,2700
"115","m","m",6,"U",1,120,456,1080,2520
"116","m","m",6,"U",2,120,450,1140,2600
"117","m","m",6,"u",1,125,313,838,2340
"118","m","m",6,"u",2,125,288,938,2450
"119","m","m",6,"3'",1,120,503,1305,1775
"120","m","m",6,"3'",2,120,505,1320,1750
"121","m","m",7,"i",1,186,320,2320,3120
"122","m","m",7,"i",2,172,310,2280,3020
"123","m","m",7,"I",1,167,470,2000,2660
"124","m","m",7,"I",2,170,410,2040,2715
"125","m","m",7,"E",1,167,630,1900,2860
"126","m","m",7,"E",2,146,614,1840,2770
"127","m","m",7,"{",1,143,740,1800,2450
"128","m","m",7,"{",2,162,775,1810,2200
"129","m","m",7,"V",1,167,620,1240,2410
"130","m","m",7,"V",2,160,640,1250,2400
"131","m","m",7,"A",1,162,650,970,2580
"132","m","m",7,"A",2,163,650,980,2350
"133","m","m",7,"O",1,145,430,720,2450
"134","m","m",7,"O",2,171,510,800,2500
"135","m","m",7,"U",1,170,460,1120,2150
"136","m","m",7,"U",2,170,493,1120,2300
"137","m","m",7,"u",1,175,380,1040,2260
"138","m","m",7,"u",2,200,400,1000,2350
"139","m","m",7,"3'",1,167,570,1300,1750
"140","m","m",7,"3'",2,157,565,1370,1710
"141","m","m",8,"i",1,105,230,2480,3200
"142","m","m",8,"i",2,109,218,2380,3100
"143","m","m",8,"I",1,110,320,2200,2680
"144","m","m",8,"I",2,103,206,2130,2570
"145","m","m",8,"E",1,107,430,2100,2630
"146","m","m",8,"E",2,105,515,1760,2470
"147","m","m",8,"{",1,107,514,2060,2600
"148","m","m",8,"{",2,106,552,1820,2500
"149","m","m",8,"V",1,108,640,1300,2300
"150","m","m",8,"V",2,104,624,1350,2410
"151","m","m",8,"A",1,111,714,1170,2420
"152","m","m",8,"A",2,97,650,1150,2350
"153","m","m",8,"O",1,107,590,965,2500
"154","m","m",8,"O",2,109,578,970,2460
"155","m","m",8,"U",1,111,467,1110,2400
"156","m","m",8,"U",2,105,475,1220,2310
"157","m","m",8,"u",1,107,270,910,2200
"158","m","m",8,"u",2,108,260,975,2320
"159","m","m",8,"3'",1,107,460,1400,1790
"160","m","m",8,"3'",2,103,425,1410,1760
"161","m","m",9,"i",1,175,316,2200,2800
"162","m","m",9,"i",2,175,280,2275,2775
"163","m","m",9,"I",1,167,450,1820,2475
"164","m","m",9,"I",2,167,434,1850,2425
"165","m","m",9,"E",1,157,582,1725,2375
"166","m","m",9,"E",2,158,586,1800,2425
"167","m","m",9,"{",1,150,600,1750,2375
"168","m","m",9,"{",2,145,582,1775,2375
"169","m","m",9,"V",1,145,626,1125,2200
"170","m","m",9,"V",2,160,641,1120,2225
"171","m","m",9,"A",1,144,708,1054,2420
"172","m","m",9,"A",2,150,705,1050,2375
"173","m","m",9,"O",1,146,614,848,2200
"174","m","m",9,"O",2,143,600,860,2175
"175","m","m",9,"U",1,167,500,1000,2325
"176","m","m",9,"U",2,167,500,1000,2325
"177","m","m",9,"u",1,167,334,1150,2200
"178","m","m",9,"u",2,183,312,1020,2300
"179","m","m",9,"3'",1,157,518,1305,1570
"180","m","m",9,"3'",2,157,504,1210,1510
"181","m","m",10,"i",1,129,260,2260,2820
"182","m","m",10,"i",2,125,250,2200,2825
"183","m","m",10,"I",1,146,400,2040,2500
"184","m","m",10,"I",2,144,389,2000,2425
"185","m","m",10,"E",1,126,500,1870,2500
"186","m","m",10,"E",2,125,500,1775,2450
"187","m","m",10,"{",1,110,660,1650,2500
"188","m","m",10,"{",2,120,624,1700,2475
"189","m","m",10,"V",1,122,650,1220,2550
"190","m","m",10,"V",2,120,672,1260,2500
"191","m","m",10,"A",1,114,750,1080,2680
"192","m","m",10,"A",2,114,777,1026,2625
"193","m","m",10,"O",1,115,580,800,2650
"194","m","m",10,"O",2,117,585,819,2625
"195","m","m",10,"U",1,140,480,950,2500
"196","m","m",10,"U",2,127,461,993,2350
"197","m","m",10,"u",1,140,280,950,2300
"198","m","m",10,"u",2,133,266,920,2300
"199","m","m",10,"3'",1,128,500,1340,1700
"200","m","m",10,"3'",2,133,532,1275,1600
"201","m","m",11,"i",1,146,248,2225,3100
"202","m","m",11,"i",2,140,238,2175,3075
"203","m","m",11,"I",1,150,405,1925,2550
"204","m","m",11,"I",2,138,416,1940,2600
"205","m","m",11,"E",1,147,588,1790,2500
"206","m","m",11,"E",2,133,586,1725,2650
"207","m","m",11,"{",1,145,725,1700,2425
"208","m","m",11,"{",2,127,710,1650,2220
"209","m","m",11,"V",1,136,586,1078,2300
"210","m","m",11,"V",2,136,627,1038,2360
"211","m","m",11,"A",1,145,725,1046,2325
"212","m","m",11,"A",2,131,746,1018,2300
"213","m","m",11,"O",1,140,560,840,2500
"214","m","m",11,"O",2,140,560,924,2350
"215","m","m",11,"U",1,150,495,1080,2275
"216","m","m",11,"U",2,143,430,1030,2275
"217","m","m",11,"u",1,162,290,760,2300
"218","m","m",11,"u",2,157,315,850,2025
"219","m","m",11,"3'",1,150,511,1561,1876
"220","m","m",11,"3'",2,138,530,1450,1887
"221","m","m",12,"i",1,110,220,2410,3000
"222","m","m",12,"i",2,125,240,2440,3280
"223","m","m",12,"I",1,120,450,1880,2450
"224","m","m",12,"I",2,118,380,1930,2420
"225","m","m",12,"E",1,115,560,1650,2300
"226","m","m",12,"E",2,123,560,1720,2300
"227","m","m",12,"{",1,110,680,1720,2330
"228","m","m",12,"{",2,133,630,1680,2280
"229","m","m",12,"V",1,110,560,1430,2250
"230","m","m",12,"V",2,120,560,1390,2240
"231","m","m",12,"A",1,108,800,1330,2260
"232","m","m",12,"A",2,110,740,1240,2280
"233","m","m",12,"O",1,120,600,920,2080
"234","m","m",12,"O",2,133,580,910,2000
"235","m","m",12,"U",1,130,400,1200,2210
"236","m","m",12,"U",2,110,420,1230,2230
"237","m","m",12,"u",1,122,300,900,2130
"238","m","m",12,"u",2,123,260,1010,2240
"239","m","m",12,"3'",1,125,400,1450,1650
"240","m","m",12,"3'",2,128,360,1410,1640
"241","m","m",13,"i",1,142,290,2290,2600
"242","m","m",13,"i",2,135,260,2290,2700
"243","m","m",13,"I",1,132,390,1950,2550
"244","m","m",13,"I",2,135,400,1900,2450
"245","m","m",13,"E",1,124,490,1740,2500
"246","m","m",13,"E",2,125,500,1780,2430
"247","m","m",13,"{",1,125,660,1630,2500
"248","m","m",13,"{",2,132,670,1630,2380
"249","m","m",13,"V",1,140,600,1220,2530
"250","m","m",13,"V",2,125,600,1210,2430
"251","m","m",13,"A",1,125,680,1120,2630
"252","m","m",13,"A",2,128,670,1100,2700
"253","m","m",13,"O",1,127,510,720,2450
"254","m","m",13,"O",2,120,480,710,2540
"255","m","m",13,"U",1,133,380,910,2350
"256","m","m",13,"U",2,140,440,1030,2400
"257","m","m",13,"u",1,127,350,720,2750
"258","m","m",13,"u",2,140,380,740,2880
"259","m","m",13,"3'",1,128,430,1370,1610
"260","m","m",13,"3'",2,135,440,1360,1600
"261","m","m",14,"i",1,114,228,2350,2860
"262","m","m",14,"i",2,118,220,2350,2920
"263","m","m",14,"I",1,110,407,2070,2500
"264","m","m",14,"I",2,112,420,1900,2450
"265","m","m",14,"E",1,106,445,2020,2420
"266","m","m",14,"E",2,115,470,2020,2500
"267","m","m",14,"{",1,103,721,1680,2400
"268","m","m",14,"{",2,109,750,1710,2440
"269","m","m",14,"V",1,104,552,1122,2500
"270","m","m",14,"V",2,115,580,1150,2600
"271","m","m",14,"A",1,98,686,1078,2570
"272","m","m",14,"A",2,103,700,1050,2680
"273","m","m",14,"O",1,102,560,665,2620
"274","m","m",14,"O",2,106,550,650,2700
"275","m","m",14,"U",1,112,448,980,2370
"276","m","m",14,"U",2,104,410,940,2370
"277","m","m",14,"u",1,116,232,696,2200
"278","m","m",14,"u",2,117,222,665,2080
"279","m","m",14,"3'",1,120,432,1300,1400
"280","m","m",14,"3'",2,111,420,1300,1570
"281","m","m",15,"i",1,121,230,2100,2850
"282","m","m",15,"i",2,118,240,2000,2980
"283","m","m",15,"I",1,130,365,1900,2340
"284","m","m",15,"I",2,119,300,2040,2560
"285","m","m",15,"E",1,112,440,1980,2310
"286","m","m",15,"E",2,120,410,2050,2500
"287","m","m",15,"{",1,133,620,1710,2110
"288","m","m",15,"{",2,124,660,1800,2150
"289","m","m",15,"V",1,120,660,1000,2380
"290","m","m",15,"V",2,110,660,960,2450
"291","m","m",15,"A",1,122,600,830,2250
"292","m","m",15,"A",2,119,620,820,2400
"293","m","m",15,"O",1,117,500,620,2250
"294","m","m",15,"O",2,106,550,700,2550
"295","m","m",15,"U",1,140,390,730,2180
"296","m","m",15,"U",2,130,360,740,2200
"297","m","m",15,"u",1,131,260,720,2100
"298","m","m",15,"u",2,132,260,740,2040
"299","m","m",15,"3'",1,125,450,1230,1600
"300","m","m",15,"3'",2,127,460,1300,1650
"301","m","m",16,"i",1,150,300,2355,3250
"302","m","m",16,"i",2,150,300,2460,3280
"303","m","m",16,"I",1,160,385,2242,2805
"304","m","m",16,"I",2,150,407,2250,2780
"305","m","m",16,"E",1,140,504,2090,2720
"306","m","m",16,"E",2,146,543,1980,2640
"307","m","m",16,"{",1,133,680,1958,2542
"308","m","m",16,"{",2,141,708,1840,2535
"309","m","m",16,"V",1,150,675,1320,2550
"310","m","m",16,"V",2,150,704,1393,2550
"311","m","m",16,"A",1,137,825,1168,2750
"312","m","m",16,"A",2,135,840,1210,2680
"313","m","m",16,"O",1,143,671,1000,2670
"314","m","m",16,"O",2,147,690,968,2660
"315","m","m",16,"U",1,143,443,1273,2430
"316","m","m",16,"U",2,153,459,1286,2410
"317","m","m",16,"u",1,146,395,1300,2160
"318","m","m",16,"u",2,153,400,1320,2150
"319","m","m",16,"3'",1,140,532,1500,1890
"320","m","m",16,"3'",2,146,538,1460,1818
"321","m","m",17,"i",1,120,264,2290,2700
"322","m","m",17,"i",2,128,256,2305,2635
"323","m","m",17,"I",1,112,380,1880,2440
"324","m","m",17,"I",2,115,346,1930,2390
"325","m","m",17,"E",1,100,510,1780,2300
"326","m","m",17,"E",2,108,520,1730,2275
"327","m","m",17,"{",1,100,630,1770,2350
"328","m","m",17,"{",2,105,630,1642,2170
"329","m","m",17,"V",1,103,601,1273,2130
"330","m","m",17,"V",2,105,590,1283,2150
"331","m","m",17,"A",1,100,750,1150,2440
"332","m","m",17,"A",2,95,703,1092,2320
"333","m","m",17,"O",1,97,565,780,2350
"334","m","m",17,"O",2,106,584,849,2460
"335","m","m",17,"U",1,105,420,1100,2140
"336","m","m",17,"U",2,111,422,1200,2175
"337","m","m",17,"u",1,117,315,1080,2260
"338","m","m",17,"u",2,125,326,1125,2210
"339","m","m",17,"3'",1,111,444,1300,1625
"340","m","m",17,"3'",2,109,469,1288,1600
"341","m","m",18,"i",1,124,210,2100,3090
"342","m","m",18,"i",2,130,220,2080,3180
"343","m","m",18,"I",1,128,280,2000,2710
"344","m","m",18,"I",2,130,310,1950,2670
"345","m","m",18,"E",1,121,470,1910,2580
"346","m","m",18,"E",2,129,490,1930,2650
"347","m","m",18,"{",1,116,640,1620,2200
"348","m","m",18,"{",2,118,650,1580,2360
"349","m","m",18,"V",1,121,610,1100,2230
"350","m","m",18,"V",2,126,620,1120,2330
"351","m","m",18,"A",1,118,700,1100,2240
"352","m","m",18,"A",2,120,670,1100,2220
"353","m","m",18,"O",1,122,460,720,2180
"354","m","m",18,"O",2,118,470,690,2200
"355","m","m",18,"U",1,129,320,770,1860
"356","m","m",18,"U",2,130,310,790,1920
"357","m","m",18,"u",1,140,210,670,1900
"358","m","m",18,"u",2,148,240,730,1850
"359","m","m",18,"3'",1,128,390,1320,1550
"360","m","m",18,"3'",2,124,420,1240,1510
"361","m","m",19,"i",1,129,190,2650,3280
"362","m","m",19,"i",2,135,190,2700,3170
"363","m","m",19,"I",1,132,370,1750,2700
"364","m","m",19,"I",2,130,370,1800,2750
"365","m","m",19,"E",1,122,370,1680,2560
"366","m","m",19,"E",2,125,375,1700,2500
"367","m","m",19,"{",1,121,550,1570,2600
"368","m","m",19,"{",2,120,530,1610,2650
"369","m","m",19,"V",1,118,570,1050,2500
"370","m","m",19,"V",2,125,590,1100,2480
"371","m","m",19,"A",1,112,640,970,2870
"372","m","m",19,"A",2,122,670,980,2900
"373","m","m",19,"O",1,113,560,860,2900
"374","m","m",19,"O",2,121,570,820,2820
"375","m","m",19,"U",1,125,350,1000,2500
"376","m","m",19,"U",2,130,380,920,2370
"377","m","m",19,"u",1,130,250,1000,2100
"378","m","m",19,"u",2,140,210,960,1940
"379","m","m",19,"3'",1,130,360,1300,1920
"380","m","m",19,"3'",2,133,370,1300,1760
"381","m","m",20,"i",1,127,250,2180,2660
"382","m","m",20,"i",2,131,260,2210,2780
"383","m","m",20,"I",1,121,400,1900,2440
"384","m","m",20,"I",2,122,350,1980,2480
"385","m","m",20,"E",1,116,560,1670,2310
"386","m","m",20,"E",2,124,530,1700,2380
"387","m","m",20,"{",1,120,680,1470,2280
"388","m","m",20,"{",2,119,620,1580,2320
"389","m","m",20,"V",1,120,620,1100,2390
"390","m","m",20,"V",2,125,640,1110,2370
"391","m","m",20,"A",1,115,630,980,2330
"392","m","m",20,"A",2,121,670,940,2380
"393","m","m",20,"O",1,112,560,790,2480
"394","m","m",20,"O",2,120,610,840,2420
"395","m","m",20,"U",1,121,360,860,2200
"396","m","m",20,"U",2,120,400,840,2200
"397","m","m",20,"u",1,140,280,670,2140
"398","m","m",20,"u",2,126,250,720,2190
"399","m","m",20,"3'",1,120,480,1410,1760
"400","m","m",20,"3'",2,121,470,1330,1700
"401","m","m",21,"i",1,155,280,2400,2910
"402","m","m",21,"i",2,150,300,2320,2960
"403","m","m",21,"I",1,142,410,2060,2680
"404","m","m",21,"I",2,150,450,2050,2670
"405","m","m",21,"E",1,135,540,1900,2530
"406","m","m",21,"E",2,135,540,1920,2520
"407","m","m",21,"{",1,138,620,1800,2440
"408","m","m",21,"{",2,140,690,1820,2480
"409","m","m",21,"V",1,150,630,1200,2600
"410","m","m",21,"V",2,140,680,1290,2600
"411","m","m",21,"A",1,145,740,1110,2500
"412","m","m",21,"A",2,143,700,1060,2720
"413","m","m",21,"O",1,146,600,970,2570
"414","m","m",21,"O",2,138,650,880,2660
"415","m","m",21,"U",1,142,430,1130,2440
"416","m","m",21,"U",2,143,430,1150,2420
"417","m","m",21,"u",1,142,280,990,2330
"418","m","m",21,"u",2,145,290,1000,2300
"419","m","m",21,"3'",1,150,420,1350,1600
"420","m","m",21,"3'",2,150,450,1350,1600
"421","m","m",22,"i",1,135,300,2300,2800
"422","m","m",22,"i",2,135,350,2240,2760
"423","m","m",22,"I",1,136,410,2200,2680
"424","m","m",22,"I",2,138,440,2080,2520
"425","m","m",22,"E",1,133,580,1870,2320
"426","m","m",22,"E",2,127,520,1900,2400
"427","m","m",22,"{",1,130,760,1920,2480
"428","m","m",22,"{",2,132,670,1850,2560
"429","m","m",22,"V",1,139,810,1110,2100
"430","m","m",22,"V",2,131,770,1150,2100
"431","m","m",22,"A",1,141,700,1040,2120
"432","m","m",22,"A",2,125,750,1160,2080
"433","m","m",22,"O",1,133,670,920,2240
"434","m","m",22,"O",2,142,570,850,2250
"435","m","m",22,"U",1,140,550,970,2200
"436","m","m",22,"U",2,141,490,870,2240
"437","m","m",22,"u",1,150,300,600,2300
"438","m","m",22,"u",2,148,230,570,2100
"439","m","m",22,"3'",1,140,560,1520,2100
"440","m","m",22,"3'",2,140,540,1570,2050
"441","m","m",23,"i",1,125,240,2100,2900
"442","m","m",23,"i",2,119,240,2150,2860
"443","m","m",23,"I",1,130,380,1870,2450
"444","m","m",23,"I",2,120,430,1710,2350
"445","m","m",23,"E",1,119,580,1770,2500
"446","m","m",23,"E",2,117,570,1750,2400
"447","m","m",23,"{",1,115,760,1580,2440
"448","m","m",23,"{",2,110,715,1500,2300
"449","m","m",23,"V",1,124,620,880,2500
"450","m","m",23,"V",2,124,650,1000,2520
"451","m","m",23,"A",1,119,710,950,2520
"452","m","m",23,"A",2,120,690,960,2520
"453","m","m",23,"O",1,125,460,610,2500
"454","m","m",23,"O",2,120,470,710,2500
"455","m","m",23,"U",1,125,390,900,2100
"456","m","m",23,"U",2,125,460,920,2140
"457","m","m",23,"u",1,125,250,690,2080
"458","m","m",23,"u",2,130,270,650,2050
"459","m","m",23,"3'",1,122,540,1280,1720
"460","m","m",23,"3'",2,118,510,1280,1650
"461","m","m",24,"i",1,148,280,2450,2700
"462","m","m",24,"i",2,160,288,2500,2880
"463","m","m",24,"I",1,160,400,2080,2530
"464","m","m",24,"I",2,153,384,2110,2500
"465","m","m",24,"E",1,138,590,1900,2200
"466","m","m",24,"E",2,153,583,1840,2250
"467","m","m",24,"{",1,145,680,1850,2400
"468","m","m",24,"{",2,140,685,1780,2160
"469","m","m",24,"V",1,143,660,1370,2110
"470","m","m",24,"V",2,145,680,1300,2100
"471","m","m",24,"A",1,140,760,1260,2120
"472","m","m",24,"A",2,135,770,1140,2020
"473","m","m",24,"O",1,145,500,800,1850
"474","m","m",24,"O",2,132,600,1000,2000
"475","m","m",24,"U",1,157,380,1060,1950
"476","m","m",24,"U",2,150,470,1220,2150
"477","m","m",24,"u",1,162,324,800,2220
"478","m","m",24,"u",2,139,290,800,2150
"479","m","m",24,"3'",1,150,560,1350,1780
"480","m","m",24,"3'",2,150,600,1470,1820
"481","m","m",25,"i",1,110,250,2190,3000
"482","m","m",25,"i",2,106,254,2085,2890
"483","m","m",25,"I",1,111,330,1967,2670
"484","m","m",25,"I",2,108,430,1940,2590
"485","m","m",25,"E",1,116,464,2100,2700
"486","m","m",25,"E",2,105,504,1995,2780
"487","m","m",25,"{",1,94,595,1900,2700
"488","m","m",25,"{",2,100,670,1860,2500
"489","m","m",25,"V",1,96,620,1200,2420
"490","m","m",25,"V",2,105,630,1127,2420
"491","m","m",25,"A",1,100,750,1160,2360
"492","m","m",25,"A",2,96,740,1155,2330
"493","m","m",25,"O",1,101,460,740,2300
"494","m","m",25,"O",2,105,494,789,2420
"495","m","m",25,"U",1,113,400,1020,2200
"496","m","m",25,"U",2,128,450,1028,2160
"497","m","m",25,"u",1,140,392,1000,2120
"498","m","m",25,"u",2,116,350,898,2140
"499","m","m",25,"3'",1,117,547,1340,1688
"500","m","m",25,"3'",2,128,512,1280,1570
"501","m","m",26,"i",1,123,246,2185,2730
"502","m","m",26,"i",2,133,267,2280,2800
"503","m","m",26,"I",1,140,420,2300,2800
"504","m","m",26,"I",2,120,384,2110,2620
"505","m","m",26,"E",1,120,480,1920,2540
"506","m","m",26,"E",2,112,551,1788,2450
"507","m","m",26,"{",1,114,628,1837,2570
"508","m","m",26,"{",2,111,622,1890,2560
"509","m","m",26,"V",1,114,628,1254,2470
"510","m","m",26,"V",2,114,617,1255,2480
"511","m","m",26,"A",1,117,690,1072,2660
"512","m","m",26,"A",2,103,630,1000,2530
"513","m","m",26,"O",1,117,510,700,2650
"514","m","m",26,"O",2,120,504,756,2540
"515","m","m",26,"U",1,122,465,990,2440
"516","m","m",26,"U",2,125,462,976,2450
"517","m","m",26,"u",1,120,324,708,2440
"518","m","m",26,"u",2,157,387,786,2518
"519","m","m",26,"3'",1,122,488,1468,1712
"520","m","m",26,"3'",2,118,472,1465,1725
"521","m","m",27,"i",1,138,275,2060,2800
"522","m","m",27,"i",2,136,270,2020,2790
"523","m","m",27,"I",1,133,349,2030,2760
"524","m","m",27,"I",2,136,340,1940,2560
"525","m","m",27,"E",1,120,444,1800,2500
"526","m","m",27,"E",2,127,380,1800,2440
"527","m","m",27,"{",1,125,688,1600,2300
"528","m","m",27,"{",2,122,660,1570,2380
"529","m","m",27,"V",1,128,565,1157,2310
"530","m","m",27,"V",2,130,550,1150,2250
"531","m","m",27,"A",1,125,712,1024,2250
"532","m","m",27,"A",2,125,670,1080,2300
"533","m","m",27,"O",1,125,550,913,2360
"534","m","m",27,"O",2,126,550,890,2280
"535","m","m",27,"U",1,128,360,1028,2160
"536","m","m",27,"U",2,140,390,1060,2150
"537","m","m",27,"u",1,133,294,930,2050
"538","m","m",27,"u",2,140,280,1000,2160
"539","m","m",27,"3'",1,125,440,1250,1625
"540","m","m",27,"3'",2,130,480,1160,1520
"541","m","m",28,"i",1,125,320,2160,2900
"542","m","m",28,"i",2,133,267,2230,3000
"543","m","m",28,"I",1,115,440,1750,2400
"544","m","m",28,"I",2,116,390,1780,2450
"545","m","m",28,"E",1,117,525,1800,2480
"546","m","m",28,"E",2,110,520,1750,2390
"547","m","m",28,"{",1,111,660,1600,2400
"548","m","m",28,"{",2,120,720,1680,2430
"549","m","m",28,"V",1,117,600,1250,2300
"550","m","m",28,"V",2,125,575,1170,2240
"551","m","m",28,"A",1,111,730,1160,2340
"552","m","m",28,"A",2,117,860,1280,2470
"553","m","m",28,"O",1,114,560,810,2290
"554","m","m",28,"O",2,116,584,840,2280
"555","m","m",28,"U",1,130,455,970,2140
"556","m","m",28,"U",2,120,456,1040,2038
"557","m","m",28,"u",1,125,350,820,2130
"558","m","m",28,"u",2,128,366,772,2058
"559","m","m",28,"3'",1,111,450,1420,1870
"560","m","m",28,"3'",2,118,472,1430,1840
"561","m","m",29,"i",1,133,333,2305,3200
"562","m","m",29,"i",2,131,326,2260,3030
"563","m","m",29,"I",1,125,375,2188,2750
"564","m","m",29,"I",2,133,400,2150,2680
"565","m","m",29,"E",1,125,500,1980,2480
"566","m","m",29,"E",2,150,480,1950,2340
"567","m","m",29,"{",1,116,640,1710,2450
"568","m","m",29,"{",2,123,615,1720,2220
"569","m","m",29,"V",1,116,583,1110,2360
"570","m","m",29,"V",2,117,608,1120,2700
"571","m","m",29,"A",1,111,777,1170,2600
"572","m","m",29,"A",2,114,750,1175,2820
"573","m","m",29,"O",1,105,630,891,2519
"574","m","m",29,"O",2,114,572,924,2660
"575","m","m",29,"U",1,125,438,975,2300
"576","m","m",29,"U",2,140,420,938,2300
"577","m","m",29,"u",1,133,333,800,2130
"578","m","m",29,"u",2,140,320,840,2150
"579","m","m",29,"3'",1,120,480,1320,1870
"580","m","m",29,"3'",2,127,483,1335,1844
"581","m","m",30,"i",1,166,267,2300,2940
"582","m","m",30,"i",2,156,220,2300,2900
"583","m","m",30,"I",1,154,431,2040,2460
"584","m","m",30,"I",2,155,360,2010,2400
"585","m","m",30,"E",1,150,565,1950,2500
"586","m","m",30,"E",2,180,540,2000,2450
"587","m","m",30,"{",1,143,600,2000,2570
"588","m","m",30,"{",2,138,590,1950,2460
"589","m","m",30,"V",1,157,630,1140,2200
"590","m","m",30,"V",2,186,630,1170,2280
"591","m","m",30,"A",1,146,730,1048,2450
"592","m","m",30,"A",2,155,730,1130,2320
"593","m","m",30,"O",1,150,600,900,2400
"594","m","m",30,"O",2,178,640,890,2280
"595","m","m",30,"U",1,160,448,960,2200
"596","m","m",30,"U",2,196,450,1000,2180
"597","m","m",30,"u",1,167,333,835,2170
"598","m","m",30,"u",2,198,280,750,2170
"599","m","m",30,"3'",1,163,488,1300,1600
"600","m","m",30,"3'",2,163,490,1380,1620
"601","m","m",31,"i",1,120,312,2380,2900
"602","m","m",31,"i",2,120,300,2350,3000
"603","m","m",31,"I",1,140,490,2000,2620
"604","m","m",31,"I",2,140,490,1960,2600
"605","m","m",31,"E",1,125,640,2000,2620
"606","m","m",31,"E",2,111,555,1870,2540
"607","m","m",31,"{",1,112,697,1610,2540
"608","m","m",31,"{",2,114,684,1634,2510
"609","m","m",31,"V",1,115,633,1260,2530
"610","m","m",31,"V",2,120,660,1213,2460
"611","m","m",31,"A",1,112,730,1203,2700
"612","m","m",31,"A",2,107,752,1125,2620
"613","m","m",31,"O",1,108,507,755,2420
"614","m","m",31,"O",2,116,538,816,2450
"615","m","m",31,"U",1,114,456,1040,2300
"616","m","m",31,"U",2,120,480,1120,2160
"617","m","m",31,"u",1,123,344,960,2150
"618","m","m",31,"u",2,125,350,1000,2250
"619","m","m",31,"3'",1,112,539,1370,1800
"620","m","m",31,"3'",2,117,549,1353,1728
"621","m","m",32,"i",1,146,292,2500,3150
"622","m","m",32,"i",2,133,266,2370,3100
"623","m","m",32,"I",1,143,372,2220,2640
"624","m","m",32,"I",2,131,350,2130,2610
"625","m","m",32,"E",1,133,574,1840,2260
"626","m","m",32,"E",2,133,563,1960,2450
"627","m","m",32,"{",1,125,650,1738,2400
"628","m","m",32,"{",2,130,663,1820,2400
"629","m","m",32,"V",1,137,600,1370,2180
"630","m","m",32,"V",2,125,625,1312,2250
"631","m","m",32,"A",1,133,735,1070,2100
"632","m","m",32,"A",2,117,713,1180,2200
"633","m","m",32,"O",1,125,625,875,2180
"634","m","m",32,"O",2,115,700,1000,2250
"635","m","m",32,"U",1,150,420,1100,2000
"636","m","m",32,"U",2,140,420,1120,2100
"637","m","m",32,"u",1,125,350,980,2200
"638","m","m",32,"u",2,133,320,918,2100
"639","m","m",32,"3'",1,143,554,1480,1800
"640","m","m",32,"3'",2,128,484,1505,1890
"641","m","m",33,"i",1,143,286,2415,2860
"642","m","m",33,"i",2,150,300,2415,2860
"643","m","m",33,"I",1,140,400,1980,2500
"644","m","m",33,"I",2,145,407,2095,2620
"645","m","m",33,"E",1,125,525,1988,2610
"646","m","m",33,"E",2,144,553,1935,2530
"647","m","m",33,"{",1,133,640,1773,2490
"648","m","m",33,"{",2,133,640,1840,2560
"649","m","m",33,"V",1,143,672,1272,2640
"650","m","m",33,"V",2,146,658,1241,2560
"651","m","m",33,"A",1,130,780,1170,2640
"652","m","m",33,"A",2,131,788,1115,2645
"653","m","m",33,"O",1,138,633,891,2500
"654","m","m",33,"O",2,150,600,935,2550
"655","m","m",33,"U",1,175,490,1102,2420
"656","m","m",33,"U",2,154,492,1077,2306
"657","m","m",33,"u",1,160,320,960,2240
"658","m","m",33,"u",2,160,320,960,2290
"659","m","m",33,"3'",1,143,543,1310,1643
"660","m","m",33,"3'",2,145,508,1309,1600
"661","w","f",34,"i",1,230,370,2670,3100
"662","w","f",34,"i",2,234,390,2760,3060
"663","w","f",34,"I",1,234,468,2330,2930
"664","w","f",34,"I",2,205,410,2380,2950
"665","w","f",34,"E",1,190,550,2200,2880
"666","w","f",34,"E",2,191,570,2100,3040
"667","w","f",34,"{",1,200,800,1980,2810
"668","w","f",34,"{",2,192,860,1920,2850
"669","w","f",34,"V",1,227,635,1200,3250
"670","w","f",34,"V",2,200,700,1200,3100
"671","w","f",34,"A",1,210,880,1240,2870
"672","w","f",34,"A",2,188,830,1200,2880
"673","w","f",34,"O",1,207,570,830,3300
"674","w","f",34,"O",2,200,700,1000,3130
"675","w","f",34,"U",1,240,410,940,3040
"676","w","f",34,"U",2,225,450,970,3190
"677","w","f",34,"u",1,238,480,955,2960
"678","w","f",34,"u",2,208,395,810,2900
"679","w","f",34,"3'",1,200,500,1850,2100
"680","w","f",34,"3'",2,200,560,1750,2100
"681","w","f",35,"i",1,225,270,2760,3550
"682","w","f",35,"i",2,240,290,2700,3350
"683","w","f",35,"I",1,245,460,2500,3220
"684","w","f",35,"I",2,220,410,2400,3240
"685","w","f",35,"E",1,220,620,2300,3200
"686","w","f",35,"E",2,210,630,2300,3170
"687","w","f",35,"{",1,220,820,2180,2850
"688","w","f",35,"{",2,195,740,2120,3070
"689","w","f",35,"V",1,240,800,1300,2900
"690","w","f",35,"V",2,225,760,1400,2830
"691","w","f",35,"A",1,214,850,1120,2620
"692","w","f",35,"A",2,190,880,1220,2850
"693","w","f",35,"O",1,228,460,900,2830
"694","w","f",35,"O",2,222,440,880,2850
"695","w","f",35,"U",1,250,500,1040,2750
"696","w","f",35,"U",2,245,490,1000,2720
"697","w","f",35,"u",1,250,400,940,2720
"698","w","f",35,"u",2,245,410,860,2700
"699","w","f",35,"3'",1,225,440,1560,1750
"700","w","f",35,"3'",2,210,420,1600,1750
"701","w","f",36,"i",1,210,290,2700,3020
"702","w","f",36,"i",2,215,280,2630,3240
"703","w","f",36,"I",1,211,420,2300,2950
"704","w","f",36,"I",2,211,420,2220,2980
"705","w","f",36,"E",1,207,640,2120,2900
"706","w","f",36,"E",2,221,700,2000,2900
"707","w","f",36,"{",1,212,1000,1830,2820
"708","w","f",36,"{",2,204,980,1800,2820
"709","w","f",36,"V",1,205,780,1410,2720
"710","w","f",36,"V",2,208,710,1450,2750
"711","w","f",36,"A",1,205,950,1280,2600
"712","w","f",36,"A",2,210,870,1260,2740
"713","w","f",36,"O",1,203,610,900,2710
"714","w","f",36,"O",2,210,630,840,2700
"715","w","f",36,"U",1,211,440,1050,2780
"716","w","f",36,"U",2,210,420,1050,2740
"717","w","f",36,"u",1,222,380,860,2500
"718","w","f",36,"u",2,208,330,750,2740
"719","w","f",36,"3'",1,208,580,1450,1720
"720","w","f",36,"3'",2,212,540,1560,1900
"721","w","f",37,"i",1,210,294,2800,3100
"722","w","f",37,"i",2,222,270,2880,3160
"723","w","f",37,"I",1,202,420,2430,3030
"724","w","f",37,"I",2,212,420,2370,2930
"725","w","f",37,"E",1,200,580,2180,2770
"726","w","f",37,"E",2,217,540,2160,2770
"727","w","f",37,"{",1,200,820,1970,2620
"728","w","f",37,"{",2,210,840,2000,2700
"729","w","f",37,"V",1,208,690,1200,2900
"730","w","f",37,"V",2,201,666,1206,2900
"731","w","f",37,"A",1,200,800,1200,2920
"732","w","f",37,"A",2,190,760,1140,2850
"733","w","f",37,"O",1,200,560,760,2800
"734","w","f",37,"O",2,207,560,770,3000
"735","w","f",37,"U",1,215,430,1075,2580
"736","w","f",37,"U",2,213,430,1000,2700
"737","w","f",37,"u",1,220,330,840,2550
"738","w","f",37,"u",2,213,280,850,2500
"739","w","f",37,"3'",1,205,430,1800,1930
"740","w","f",37,"3'",2,200,420,1740,1960
"741","w","f",38,"i",1,175,350,2800,3160
"742","w","f",38,"i",2,187,338,2870,3300
"743","w","f",38,"I",1,200,400,2540,3200
"744","w","f",38,"I",2,210,420,2680,3000
"745","w","f",38,"E",1,180,518,2470,3200
"746","w","f",38,"E",2,200,600,2400,3150
"747","w","f",38,"{",1,171,773,2000,2870
"748","w","f",38,"{",2,175,875,2100,2970
"749","w","f",38,"V",1,183,733,1468,2700
"750","w","f",38,"V",2,200,740,1280,2900
"751","w","f",38,"A",1,178,730,1210,2740
"752","w","f",38,"A",2,175,735,1220,2850
"753","w","f",38,"O",1,160,560,960,2850
"754","w","f",38,"O",2,192,536,850,2850
"755","w","f",38,"U",1,212,424,1040,2780
"756","w","f",38,"U",2,200,520,1060,2670
"757","w","f",38,"u",1,190,380,770,2900
"758","w","f",38,"u",2,187,340,750,2780
"759","w","f",38,"3'",1,177,490,2120,2480
"760","w","f",38,"3'",2,197,493,1930,2300
"761","w","f",39,"i",1,250,325,2700,3100
"762","w","f",39,"i",2,225,310,2750,3225
"763","w","f",39,"I",1,214,350,2580,3000
"764","w","f",39,"I",2,267,390,2700,3200
"765","w","f",39,"E",1,233,560,2330,2800
"766","w","f",39,"E",2,200,520,2500,3000
"767","w","f",39,"{",1,171,806,1970,2600
"768","w","f",39,"{",2,150,825,1860,2550
"769","w","f",39,"V",1,186,708,1485,2760
"770","w","f",39,"V",2,188,676,1500,2590
"771","w","f",39,"A",1,200,800,1200,2800
"772","w","f",39,"A",2,205,714,1154,2850
"773","w","f",39,"O",1,267,530,800,2780
"774","w","f",39,"O",2,180,485,810,2750
"775","w","f",39,"U",1,214,450,1460,2550
"776","w","f",39,"U",2,233,467,1400,2450
"777","w","f",39,"u",1,225,450,1080,2350
"778","w","f",39,"u",2,200,400,1000,2400
"779","w","f",39,"3'",1,193,524,1700,2130
"780","w","f",39,"3'",2,180,507,1800,2380
"781","w","f",40,"i",1,200,300,3100,3400
"782","w","f",40,"i",2,216,300,3100,3500
"783","w","f",40,"I",1,214,428,2570,3000
"784","w","f",40,"I",2,220,440,2640,3080
"785","w","f",40,"E",1,210,528,2540,3170
"786","w","f",40,"E",2,210,504,2520,3200
"787","w","f",40,"{",1,187,940,2250,2760
"788","w","f",40,"{",2,200,820,2200,2920
"789","w","f",40,"V",1,204,816,1450,2700
"790","w","f",40,"V",2,214,858,1500,2700
"791","w","f",40,"A",1,200,960,1280,3000
"792","w","f",40,"A",2,180,1040,1300,3000
"793","w","f",40,"O",1,220,520,880,2500
"794","w","f",40,"O",2,217,574,890,2510
"795","w","f",40,"U",1,233,466,1330,2750
"796","w","f",40,"U",2,233,466,1165,2800
"797","w","f",40,"u",1,180,300,850,2800
"798","w","f",40,"u",2,175,350,840,2750
"799","w","f",40,"3'",1,216,432,1790,2060
"800","w","f",40,"3'",2,219,360,1900,2320
"801","w","f",41,"i",1,225,337,2700,3300
"802","w","f",41,"i",2,233,340,2720,3200
"803","w","f",41,"I",1,237,474,2370,3095
"804","w","f",41,"I",2,237,475,2400,3090
"805","w","f",41,"E",1,229,526,2360,3090
"806","w","f",41,"E",2,233,580,2360,3150
"807","w","f",41,"{",1,230,690,2185,2990
"808","w","f",41,"{",2,220,660,2200,3020
"809","w","f",41,"V",1,225,675,1551,2923
"810","w","f",41,"V",2,233,690,1630,2900
"811","w","f",41,"A",1,222,845,1334,2890
"812","w","f",41,"A",2,233,888,1290,2800
"813","w","f",41,"O",1,225,631,923,2250
"814","w","f",41,"O",2,233,543,980,2300
"815","w","f",41,"U",1,233,537,1360,2920
"816","w","f",41,"U",2,240,480,1345,2680
"817","w","f",41,"u",1,235,400,1180,2760
"818","w","f",41,"u",2,233,396,1120,2560
"819","w","f",41,"3'",1,225,450,1640,2250
"820","w","f",41,"3'",2,233,489,1630,2090
"821","w","f",42,"i",1,225,225,2760,3900
"822","w","f",42,"i",2,230,230,2850,3800
"823","w","f",42,"I",1,238,429,2560,3200
"824","w","f",42,"I",2,230,430,2575,3100
"825","w","f",42,"E",1,214,579,2570,3300
"826","w","f",42,"E",2,214,536,2570,3100
"827","w","f",42,"{",1,205,823,2220,2870
"828","w","f",42,"{",2,200,800,2100,2900
"829","w","f",42,"V",1,250,750,1500,2750
"830","w","f",42,"V",2,217,738,1300,2820
"831","w","f",42,"A",1,200,840,1300,3100
"832","w","f",42,"A",2,206,990,1340,3100
"833","w","f",42,"O",1,214,579,856,2790
"834","w","f",42,"O",2,205,545,905,2750
"835","w","f",42,"U",1,233,490,1220,2610
"836","w","f",42,"U",2,250,513,1500,2650
"837","w","f",42,"u",1,250,400,1250,2500
"838","w","f",42,"u",2,225,405,1080,2500
"839","w","f",42,"3'",1,233,466,1860,2260
"840","w","f",42,"3'",2,225,540,1780,2220
"841","w","f",43,"i",1,240,290,3000,3840
"842","w","f",43,"i",2,250,325,2900,3500
"843","w","f",43,"I",1,250,500,2370,3120
"844","w","f",43,"I",2,238,476,2380,3090
"845","w","f",43,"E",1,238,760,2380,3205
"846","w","f",43,"E",2,233,746,2290,3030
"847","w","f",43,"{",1,206,1008,1990,2870
"848","w","f",43,"{",2,200,1040,2000,2800
"849","w","f",43,"V",1,220,830,1540,2860
"850","w","f",43,"V",2,237,900,1510,2840
"851","w","f",43,"A",1,206,970,1343,3018
"852","w","f",43,"A",2,236,592,1230,2600
"853","w","f",43,"O",1,233,650,900,2920
"854","w","f",43,"O",2,229,687,1060,2780
"855","w","f",43,"U",1,233,512,1211,2630
"856","w","f",43,"U",2,233,467,1167,2595
"857","w","f",43,"u",1,250,450,875,2750
"858","w","f",43,"u",2,233,420,935,2710
"859","w","f",43,"3'",1,230,622,1750,2070
"860","w","f",43,"3'",2,225,652,1710,2043
"861","w","f",44,"i",1,255,275,2800,3310
"862","w","f",44,"i",2,245,245,2800,3300
"863","w","f",44,"I",1,267,534,2500,3250
"864","w","f",44,"I",2,264,528,2640,3370
"865","w","f",44,"E",1,238,700,2380,3250
"866","w","f",44,"E",2,250,750,2480,3000
"867","w","f",44,"{",1,237,1020,1900,2960
"868","w","f",44,"{",2,233,1005,2050,2870
"869","w","f",44,"V",1,263,750,1500,2850
"870","w","f",44,"V",2,250,850,1400,2750
"871","w","f",44,"A",1,258,978,1290,2840
"872","w","f",44,"A",2,246,935,1230,2730
"873","w","f",44,"O",1,250,500,750,2750
"874","w","f",44,"O",2,243,632,850,2850
"875","w","f",44,"U",1,250,350,1170,2750
"876","w","f",44,"U",2,266,450,1000,2800
"877","w","f",44,"u",1,256,358,640,2560
"878","w","f",44,"u",2,250,300,750,2500
"879","w","f",44,"3'",1,260,520,1560,1820
"880","w","f",44,"3'",2,250,500,1500,1750
"881","w","f",45,"i",1,236,236,2790,3760
"882","w","f",45,"i",2,242,242,2770,3800
"883","w","f",45,"I",1,222,444,2555,3110
"884","w","f",45,"I",2,242,420,2700,3120
"885","w","f",45,"E",1,226,634,2325,2940
"886","w","f",45,"E",2,225,608,2475,3100
"887","w","f",45,"{",1,210,1010,2060,2900
"888","w","f",45,"{",2,200,980,2160,2920
"889","w","f",45,"V",1,217,818,1450,2500
"890","w","f",45,"V",2,200,750,1280,2650
"891","w","f",45,"A",1,220,820,1200,2640
"892","w","f",45,"A",2,210,900,1120,2900
"893","w","f",45,"O",1,220,440,749,2640
"894","w","f",45,"O",2,210,567,752,2600
"895","w","f",45,"U",1,204,460,1045,2504
"896","w","f",45,"U",2,240,480,1105,2400
"897","w","f",45,"u",1,250,420,1000,2500
"898","w","f",45,"u",2,275,350,1100,2400
"899","w","f",45,"3'",1,217,487,1500,1780
"900","w","f",45,"3'",2,206,467,1420,1640
"901","w","f",46,"i",1,225,360,2920,3400
"902","w","f",46,"i",2,233,340,2840,3300
"903","w","f",46,"I",1,257,514,2570,3070
"904","w","f",46,"I",2,238,500,2680,3260
"905","w","f",46,"E",1,238,650,2495,3090
"906","w","f",46,"E",2,216,650,2380,3030
"907","w","f",46,"{",1,225,1020,2030,2700
"908","w","f",46,"{",2,225,1000,2200,2770
"909","w","f",46,"V",1,225,788,1462,2920
"910","w","f",46,"V",2,217,736,1500,2900
"911","w","f",46,"A",1,214,987,1330,2830
"912","w","f",46,"A",2,214,1009,1415,3080
"913","w","f",46,"O",1,226,672,1084,2495
"914","w","f",46,"O",2,209,627,1045,2504
"915","w","f",46,"U",1,250,500,1200,2450
"916","w","f",46,"U",2,230,460,1150,2880
"917","w","f",46,"u",1,267,420,990,2860
"918","w","f",46,"u",2,190,380,893,2920
"919","w","f",46,"3'",1,246,610,1630,2020
"920","w","f",46,"3'",2,225,585,1700,1850
"921","w","f",47,"i",1,285,285,2900,3500
"922","w","f",47,"i",2,286,310,2900,3400
"923","w","f",47,"I",1,297,480,2670,3260
"924","w","f",47,"I",2,220,440,2620,3380
"925","w","f",47,"E",1,173,550,2370,3140
"926","w","f",47,"E",2,260,520,2340,3040
"927","w","f",47,"{",1,167,790,2180,3020
"928","w","f",47,"{",2,280,840,2160,3020
"929","w","f",47,"V",1,280,840,1400,2750
"930","w","f",47,"V",2,270,760,1330,2950
"931","w","f",47,"A",1,252,900,1290,2750
"932","w","f",47,"A",2,260,900,1240,3110
"933","w","f",47,"O",1,175,700,1050,2750
"934","w","f",47,"O",2,190,720,1080,3030
"935","w","f",47,"U",1,286,540,1200,2860
"936","w","f",47,"U",2,205,570,1200,2970
"937","w","f",47,"u",1,328,400,980,2630
"938","w","f",47,"u",2,290,440,990,2900
"939","w","f",47,"3'",1,286,570,2000,2480
"940","w","f",47,"3'",2,260,510,1850,2350
"941","w","f",48,"i",1,170,340,2750,3120
"942","w","f",48,"i",2,238,360,2760,3120
"943","w","f",48,"I",1,167,480,2390,2950
"944","w","f",48,"I",2,194,520,2450,3000
"945","w","f",48,"E",1,220,620,2520,2920
"946","w","f",48,"E",2,222,620,2440,2880
"947","w","f",48,"{",1,222,1110,2160,2700
"948","w","f",48,"{",2,214,1070,1960,2750
"949","w","f",48,"V",1,217,820,1240,2600
"950","w","f",48,"V",2,216,860,1300,2670
"951","w","f",48,"A",1,150,840,1110,2930
"952","w","f",48,"A",2,170,850,1120,2850
"953","w","f",48,"O",1,200,500,700,2930
"954","w","f",48,"O",2,212,380,720,2700
"955","w","f",48,"U",1,235,400,940,2820
"956","w","f",48,"U",2,214,380,860,2680
"957","w","f",48,"u",1,196,330,760,2870
"958","w","f",48,"u",2,188,350,710,2760
"959","w","f",48,"3'",1,182,550,1780,2080
"960","w","f",48,"3'",2,201,600,1750,2000
"961","w","f",49,"i",1,200,320,2360,2980
"962","w","f",49,"i",2,203,304,2380,3050
"963","w","f",49,"I",1,211,444,2220,2740
"964","w","f",49,"I",2,210,420,2090,2780
"965","w","f",49,"E",1,200,500,2350,2830
"966","w","f",49,"E",2,200,600,2200,2700
"967","w","f",49,"{",1,192,845,1700,2300
"968","w","f",49,"{",2,187,860,1724,2530
"969","w","f",49,"V",1,200,720,1440,2380
"970","w","f",49,"V",2,191,707,1470,2440
"971","w","f",49,"A",1,200,700,1080,2420
"972","w","f",49,"A",2,192,767,1150,2590
"973","w","f",49,"O",1,200,600,860,2410
"974","w","f",49,"O",2,200,600,900,2400
"975","w","f",49,"U",1,210,546,1090,2400
"976","w","f",49,"U",2,210,462,1240,2310
"977","w","f",49,"u",1,257,360,930,2260
"978","w","f",49,"u",2,220,440,1100,2300
"979","w","f",49,"3'",1,200,540,1400,1800
"980","w","f",49,"3'",2,204,460,1350,1560
"981","w","f",50,"i",1,203,406,2600,2945
"982","w","f",50,"i",2,200,400,2600,3100
"983","w","f",50,"I",1,200,460,2300,2800
"984","w","f",50,"I",2,210,420,2305,2835
"985","w","f",50,"E",1,190,570,2100,2720
"986","w","f",50,"E",2,207,538,2175,2880
"987","w","f",50,"{",1,189,850,1853,2685
"988","w","f",50,"{",2,193,830,1800,2620
"989","w","f",50,"V",1,200,720,1500,2560
"990","w","f",50,"V",2,200,800,1400,2420
"991","w","f",50,"A",1,194,915,1280,2530
"992","w","f",50,"A",2,206,723,1196,2600
"993","w","f",50,"O",1,192,575,1073,2490
"994","w","f",50,"O",2,200,600,1100,2600
"995","w","f",50,"U",1,202,520,1210,2420
"996","w","f",50,"U",2,212,468,1275,2550
"997","w","f",50,"u",1,207,370,1000,2470
"998","w","f",50,"u",2,205,330,970,2460
"999","w","f",50,"3'",1,200,560,1600,1900
"1000","w","f",50,"3'",2,206,514,1540,1955
"1001","w","f",51,"i",1,240,380,2880,3360
"1002","w","f",51,"i",2,250,380,2820,3300
"1003","w","f",51,"I",1,233,514,2600,2930
"1004","w","f",51,"I",2,237,473,2660,2970
"1005","w","f",51,"E",1,223,567,2460,3122
"1006","w","f",51,"E",2,224,521,2460,2920
"1007","w","f",51,"{",1,218,808,2070,2880
"1008","w","f",51,"{",2,203,678,2420,3080
"1009","w","f",51,"V",1,200,800,1340,2700
"1010","w","f",51,"V",2,214,772,1280,2660
"1011","w","f",51,"A",1,183,843,1190,2860
"1012","w","f",51,"A",2,205,740,1160,2780
"1013","w","f",51,"O",1,222,623,1022,2700
"1014","w","f",51,"O",2,220,594,990,2640
"1015","w","f",51,"U",1,240,480,960,2820
"1016","w","f",51,"U",2,242,484,900,2640
"1017","w","f",51,"u",1,233,370,933,2520
"1018","w","f",51,"u",2,250,325,750,2500
"1019","w","f",51,"3'",1,225,450,1680,2050
"1020","w","f",51,"3'",2,233,466,1630,1865
"1021","w","f",52,"i",1,200,320,2750,3100
"1022","w","f",52,"i",2,178,356,2755,3200
"1023","w","f",52,"I",1,194,388,2622,3050
"1024","w","f",52,"I",2,194,426,2460,3040
"1025","w","f",52,"E",1,187,592,2242,2765
"1026","w","f",52,"E",2,191,535,2290,2870
"1027","w","f",52,"{",1,188,750,2060,2770
"1028","w","f",52,"{",2,162,650,2110,2618
"1029","w","f",52,"V",1,187,618,1518,2700
"1030","w","f",52,"V",2,183,624,1430,2660
"1031","w","f",52,"A",1,163,766,1180,2340
"1032","w","f",52,"A",2,167,750,1065,2640
"1033","w","f",52,"O",1,170,595,918,2600
"1034","w","f",52,"O",2,176,630,985,2630
"1035","w","f",52,"U",1,200,420,1200,2600
"1036","w","f",52,"U",2,200,460,1260,2640
"1037","w","f",52,"u",1,187,375,1124,2685
"1038","w","f",52,"u",2,188,375,1143,2700
"1039","w","f",52,"3'",1,180,504,1565,1835
"1040","w","f",52,"3'",2,183,513,1578,1830
"1041","w","f",53,"i",1,280,357,2800,3360
"1042","w","f",53,"i",2,275,340,2860,3350
"1043","w","f",53,"I",1,290,480,2600,3060
"1044","w","f",53,"I",2,292,465,2598,3060
"1045","w","f",53,"E",1,250,700,2350,2980
"1046","w","f",53,"E",2,240,737,2325,3100
"1047","w","f",53,"{",1,200,960,2100,3000
"1048","w","f",53,"{",2,217,1030,2200,3260
"1049","w","f",53,"V",1,275,920,1512,2950
"1050","w","f",53,"V",2,260,910,1688,3050
"1051","w","f",53,"A",1,275,990,1237,2360
"1052","w","f",53,"A",2,267,987,1172,3180
"1053","w","f",53,"O",1,267,587,1068,3270
"1054","w","f",53,"O",2,293,560,990,3150
"1055","w","f",53,"U",1,275,520,1350,3190
"1056","w","f",53,"U",2,280,510,1415,3130
"1057","w","f",53,"u",1,300,420,1045,3060
"1058","w","f",53,"u",2,300,390,960,3030
"1059","w","f",53,"3'",1,230,460,1860,2250
"1060","w","f",53,"3'",2,214,504,1820,2290
"1061","w","f",54,"i",1,200,240,2760,3700
"1062","w","f",54,"i",2,220,220,2850,3800
"1063","w","f",54,"I",1,228,319,2500,3020
"1064","w","f",54,"I",2,216,324,2500,3010
"1065","w","f",54,"E",1,220,616,2380,2900
"1066","w","f",54,"E",2,212,615,2300,2800
"1067","w","f",54,"{",1,212,710,2120,2600
"1068","w","f",54,"{",2,210,690,2250,2680
"1069","w","f",54,"V",1,221,800,1520,2380
"1070","w","f",54,"V",2,210,780,1470,2400
"1071","w","f",54,"A",1,199,995,1392,2290
"1072","w","f",54,"A",2,200,1000,1400,2440
"1073","w","f",54,"O",1,205,656,944,2250
"1074","w","f",54,"O",2,200,720,960,2380
"1075","w","f",54,"U",1,223,335,1049,2470
"1076","w","f",54,"U",2,210,420,1009,2300
"1077","w","f",54,"u",1,219,329,877,2550
"1078","w","f",54,"u",2,230,340,900,2530
"1079","w","f",54,"3'",1,206,400,1380,1560
"1080","w","f",54,"3'",2,201,400,1240,1480
"1081","w","f",55,"i",1,220,286,2800,3550
"1082","w","f",55,"i",2,241,289,2800,3400
"1083","w","f",55,"I",1,225,383,2420,3080
"1084","w","f",55,"I",2,240,384,2400,3050
"1085","w","f",55,"E",1,209,418,2430,3110
"1086","w","f",55,"E",2,230,460,2300,3050
"1087","w","f",55,"{",1,187,861,2100,2800
"1088","w","f",55,"{",2,224,896,2040,3000
"1089","w","f",55,"V",1,218,654,1160,2800
"1090","w","f",55,"V",2,230,690,1195,2770
"1091","w","f",55,"A",1,208,860,1103,2700
"1092","w","f",55,"A",2,212,806,1060,2850
"1093","w","f",55,"O",1,202,606,910,2900
"1094","w","f",55,"O",2,201,583,860,2840
"1095","w","f",55,"U",1,225,340,900,2650
"1096","w","f",55,"U",2,235,470,1100,2560
"1097","w","f",55,"u",1,205,308,1025,2650
"1098","w","f",55,"u",2,235,329,1151,2560
"1099","w","f",55,"3'",1,213,533,1425,1830
"1100","w","f",55,"3'",2,214,535,1412,1800
"1101","w","f",56,"i",1,236,307,2670,3150
"1102","w","f",56,"i",2,245,340,2700,3250
"1103","w","f",56,"I",1,231,417,2300,3000
"1104","w","f",56,"I",2,239,410,2200,2910
"1105","w","f",56,"E",1,222,644,2250,3000
"1106","w","f",56,"E",2,224,670,2300,2880
"1107","w","f",56,"{",1,224,784,1800,2750
"1108","w","f",56,"{",2,234,820,1750,2890
"1109","w","f",56,"V",1,225,765,1300,2700
"1110","w","f",56,"V",2,221,730,1390,2790
"1111","w","f",56,"A",1,225,834,1282,2800
"1112","w","f",56,"A",2,212,850,1270,2760
"1113","w","f",56,"O",1,229,688,1029,2750
"1114","w","f",56,"O",2,222,670,1040,2640
"1115","w","f",56,"U",1,251,427,1506,2640
"1116","w","f",56,"U",2,240,460,1370,2610
"1117","w","f",56,"u",1,236,378,1416,2580
"1118","w","f",56,"u",2,239,380,1430,2610
"1119","w","f",56,"3'",1,230,460,1200,1909
"1120","w","f",56,"3'",2,225,410,1580,1800
"1121","w","f",57,"i",1,256,384,2860,3210
"1122","w","f",57,"i",2,250,375,3000,3400
"1123","w","f",57,"I",1,230,460,2665,3140
"1124","w","f",57,"I",2,233,467,2680,3150
"1125","w","f",57,"E",1,229,640,2400,2860
"1126","w","f",57,"E",2,233,630,2530,3030
"1127","w","f",57,"{",1,233,700,2560,3150
"1128","w","f",57,"{",2,225,675,2510,3145
"1129","w","f",57,"V",1,240,768,1440,2855
"1130","w","f",57,"V",2,234,794,1447,2920
"1131","w","f",57,"A",1,227,978,1362,2724
"1132","w","f",57,"A",2,233,933,1350,2610
"1133","w","f",57,"O",1,240,700,1080,2810
"1134","w","f",57,"O",2,240,720,1090,2840
"1135","w","f",57,"U",1,243,500,1215,2870
"1136","w","f",57,"U",2,239,500,1240,2860
"1137","w","f",57,"u",1,263,470,1000,2820
"1138","w","f",57,"u",2,272,378,950,2990
"1139","w","f",57,"3'",1,243,480,1410,1700
"1140","w","f",57,"3'",2,243,493,1580,1775
"1141","w","f",58,"i",1,268,320,2900,3200
"1142","w","f",58,"i",2,263,290,2750,3050
"1143","w","f",58,"I",1,258,460,2380,2940
"1144","w","f",58,"I",2,251,480,2260,2980
"1145","w","f",58,"E",1,246,640,2220,2900
"1146","w","f",58,"E",2,250,670,2250,2960
"1147","w","f",58,"{",1,243,950,1970,2890
"1148","w","f",58,"{",2,244,980,1950,2920
"1149","w","f",58,"V",1,251,750,1280,2760
"1150","w","f",58,"V",2,258,770,1340,2800
"1151","w","f",58,"A",1,250,950,1130,3160
"1152","w","f",58,"A",2,256,850,1150,2940
"1153","w","f",58,"O",1,242,530,870,2680
"1154","w","f",58,"O",2,250,600,900,2770
"1155","w","f",58,"U",1,250,600,1225,2500
"1156","w","f",58,"U",2,264,630,1320,2560
"1157","w","f",58,"u",1,258,440,1290,2530
"1158","w","f",58,"u",2,269,460,1080,2640
"1159","w","f",58,"3'",1,250,600,1500,2000
"1160","w","f",58,"3'",2,254,610,1520,1950
"1161","w","f",59,"i",1,234,280,2690,3040
"1162","w","f",59,"i",2,261,280,2740,2980
"1163","w","f",59,"I",1,260,470,2500,3400
"1164","w","f",59,"I",2,262,440,2480,3240
"1165","w","f",59,"E",1,242,730,2300,3100
"1166","w","f",59,"E",2,260,750,2340,3120
"1167","w","f",59,"{",1,233,860,2070,2880
"1168","w","f",59,"{",2,240,890,1920,2710
"1169","w","f",59,"V",1,257,770,1540,2840
"1170","w","f",59,"V",2,257,800,1410,2860
"1171","w","f",59,"A",1,240,790,1250,3080
"1172","w","f",59,"A",2,241,820,1210,2960
"1173","w","f",59,"O",1,234,408,695,3040
"1174","w","f",59,"O",2,246,420,590,3100
"1175","w","f",59,"U",1,251,500,1230,2520
"1176","w","f",59,"U",2,256,480,1230,2750
"1177","w","f",59,"u",1,263,419,1050,2850
"1178","w","f",59,"u",2,278,390,1060,2800
"1179","w","f",59,"3'",1,220,420,1720,1900
"1180","w","f",59,"3'",2,255,510,1680,1890
"1181","w","f",60,"i",1,208,270,2820,3450
"1182","w","f",60,"i",2,225,250,2880,3350
"1183","w","f",60,"I",1,220,370,2530,3060
"1184","w","f",60,"I",2,250,400,2600,3120
"1185","w","f",60,"E",1,214,640,2360,3020
"1186","w","f",60,"E",2,219,650,2430,3040
"1187","w","f",60,"{",1,205,900,2090,3000
"1188","w","f",60,"{",2,200,860,2160,2870
"1189","w","f",60,"V",1,214,750,1540,2800
"1190","w","f",60,"V",2,214,770,1530,2780
"1191","w","f",60,"A",1,195,920,1350,2550
"1192","w","f",60,"A",2,210,920,1470,2690
"1193","w","f",60,"O",1,194,720,1110,2420
"1194","w","f",60,"O",2,200,700,1100,2780
"1195","w","f",60,"U",1,222,470,1200,2900
"1196","w","f",60,"U",2,237,470,1190,2800
"1197","w","f",60,"u",1,240,380,980,3100
"1198","w","f",60,"u",2,188,340,920,3050
"1199","w","f",60,"3'",1,222,530,1670,2050
"1200","w","f",60,"3'",2,200,500,1720,1900
"1201","w","f",61,"i",1,258,310,2740,3200
"1202","w","f",61,"i",2,262,262,2680,3170
"1203","w","f",61,"I",1,262,450,2310,3020
"1204","w","f",61,"I",2,263,472,2270,2950
"1205","w","f",61,"E",1,245,640,1980,2920
"1206","w","f",61,"E",2,235,700,2110,2940
"1207","w","f",61,"{",1,194,810,1860,2620
"1208","w","f",61,"{",2,234,890,1800,2700
"1209","w","f",61,"V",1,230,710,1340,2780
"1210","w","f",61,"V",2,245,740,1470,2940
"1211","w","f",61,"A",1,225,830,1020,2650
"1212","w","f",61,"A",2,219,830,1095,2610
"1213","w","f",61,"O",1,240,600,850,2760
"1214","w","f",61,"O",2,253,455,810,2750
"1215","w","f",61,"U",1,282,400,1070,2530
"1216","w","f",61,"U",2,250,450,1050,2450
"1217","w","f",61,"u",1,260,290,670,2380
"1218","w","f",61,"u",2,275,330,630,2460
"1219","w","f",61,"3'",1,240,500,1630,2040
"1220","w","f",61,"3'",2,243,490,1580,2190
"1221","c","f",62,"i",1,228,460,3300,3950
"1222","c","f",62,"i",2,200,400,3400,3850
"1223","c","f",62,"I",1,205,600,2550,4000
"1224","c","f",62,"I",2,205,610,2500,4100
"1225","c","f",62,"E",1,225,600,2750,3600
"1226","c","f",62,"E",2,210,760,2500,3850
"1227","c","f",62,"{",1,200,1000,2300,3900
"1228","c","f",62,"{",2,200,800,2500,4050
"1229","c","f",62,"V",1,200,1000,1750,3550
"1230","c","f",62,"V",2,223,1110,1690,4040
"1231","c","f",62,"A",1,205,1220,1560,3650
"1232","c","f",62,"A",2,200,1300,1800,3450
"1233","c","f",62,"O",1,219,660,1100,3850
"1234","c","f",62,"O",2,217,690,1090,3900
"1235","c","f",62,"U",1,206,620,1420,3700
"1236","c","f",62,"U",2,220,620,1410,3520
"1237","c","f",62,"u",1,233,440,900,3900
"1238","c","f",62,"u",2,200,400,650,3800
"1239","c","f",62,"3'",1,210,610,2300,2900
"1240","c","f",62,"3'",2,200,450,2150,2550
"1241","c","f",63,"i",1,290,320,3500,4260
"1242","c","f",63,"i",2,305,350,3400,4100
"1243","c","f",63,"I",1,322,640,3200,3660
"1244","c","f",63,"I",2,325,650,3000,3800
"1245","c","f",63,"E",1,270,850,2900,3680
"1246","c","f",63,"E",2,285,700,3120,3750
"1247","c","f",63,"{",1,256,1130,2560,3500
"1248","c","f",63,"{",2,285,1140,2000,3560
"1249","c","f",63,"V",1,310,1130,1740,3670
"1250","c","f",63,"V",2,300,1000,1800,3450
"1251","c","f",63,"A",1,265,1170,1500,3440
"1252","c","f",63,"A",2,283,980,1300,3100
"1253","c","f",63,"O",1,265,530,1060,3450
"1254","c","f",63,"O",2,272,540,1080,3000
"1255","c","f",63,"U",1,285,560,1440,3500
"1256","c","f",63,"U",2,294,570,1450,3500
"1257","c","f",63,"u",1,333,350,1280,3650
"1258","c","f",63,"u",2,290,340,1160,2950
"1259","c","f",63,"3'",1,275,560,1740,2460
"1260","c","f",63,"3'",2,302,600,1800,2200
"1261","c","m",64,"i",1,240,380,3140,3700
"1262","c","m",64,"i",2,258,310,3350,3650
"1263","c","m",64,"I",1,290,580,2760,3400
"1264","c","m",64,"I",2,250,500,2660,3500
"1265","c","m",64,"E",1,250,780,2450,3400
"1266","c","m",64,"E",2,240,672,2550,3400
"1267","c","m",64,"{",1,240,660,2900,3370
"1268","c","m",64,"{",2,215,760,2850,3300
"1269","c","m",64,"V",1,250,880,1500,3200
"1270","c","m",64,"V",2,243,850,1700,3250
"1271","c","m",64,"A",1,250,940,1380,2400
"1272","c","m",64,"A",2,276,1200,1500,3160
"1273","c","m",64,"O",1,250,750,1250,3450
"1274","c","m",64,"O",2,225,675,950,3240
"1275","c","m",64,"U",1,300,610,1500,3300
"1276","c","m",64,"U",2,275,500,1370,3500
"1277","c","m",64,"u",1,256,300,1280,3150
"1278","c","m",64,"u",2,250,400,1300,3700
"1279","c","m",64,"3'",1,250,500,1540,1700
"1280","c","m",64,"3'",2,242,580,1620,1790
"1281","c","f",65,"i",1,291,410,3200,3800
"1282","c","f",65,"i",2,264,420,3400,3900
"1283","c","f",65,"I",1,291,580,2900,3820
"1284","c","f",65,"I",2,280,560,2840,3900
"1285","c","f",65,"E",1,292,810,2640,4200
"1286","c","f",65,"E",2,270,780,2720,4100
"1287","c","f",65,"{",1,270,1080,2480,3950
"1288","c","f",65,"{",2,245,1050,2420,4000
"1289","c","f",65,"V",1,286,970,1600,3950
"1290","c","f",65,"V",2,250,800,1680,3800
"1291","c","f",65,"A",1,275,1040,1350,3850
"1292","c","f",65,"A",2,250,1100,1460,4250
"1293","c","f",65,"O",1,286,770,1150,3950
"1294","c","f",65,"O",2,273,710,1200,3900
"1295","c","f",65,"U",1,285,680,1420,3800
"1296","c","f",65,"U",2,278,640,1350,3950
"1297","c","f",65,"u",1,300,420,1110,3640
"1298","c","f",65,"u",2,280,505,1050,3400
"1299","c","f",65,"3'",1,320,640,1940,2820
"1300","c","f",65,"3'",2,265,610,2100,2600
"1301","c","f",66,"i",1,330,460,2800,3550
"1302","c","f",66,"i",2,333,490,2730,3550
"1303","c","f",66,"I",1,310,560,2500,3450
"1304","c","f",66,"I",2,310,580,2500,3450
"1305","c","f",66,"E",1,286,800,2300,3750
"1306","c","f",66,"E",2,310,835,2420,3740
"1307","c","f",66,"{",1,282,950,2150,3650
"1308","c","f",66,"{",2,310,1000,2150,3700
"1309","c","f",66,"V",1,293,880,1700,3750
"1310","c","f",66,"V",2,340,900,1600,3650
"1311","c","f",66,"A",1,299,990,1410,3750
"1312","c","f",66,"A",2,280,1050,1320,3730
"1313","c","f",66,"O",1,285,770,940,3750
"1314","c","f",66,"O",2,333,680,1020,3700
"1315","c","f",66,"U",1,322,550,1195,3750
"1316","c","f",66,"U",2,350,550,1340,3500
"1317","c","f",66,"u",1,316,600,1200,3600
"1318","c","f",66,"u",2,345,550,1100,3470
"1319","c","f",66,"3'",1,310,805,1705,2420
"1320","c","f",66,"3'",2,310,710,1700,2400
"1321","c","f",67,"i",1,210,340,3400,4320
"1322","c","f",67,"i",2,227,590,3610,4220
"1323","c","f",67,"I",1,235,680,3250,4380
"1324","c","f",67,"I",2,220,440,3000,3790
"1325","c","f",67,"E",1,212,660,2900,3610
"1326","c","f",67,"E",2,216,610,2760,3650
"1327","c","f",67,"{",1,214,1240,2700,3640
"1328","c","f",67,"{",2,215,1050,2550,3550
"1329","c","f",67,"V",1,216,820,1470,3500
"1330","c","f",67,"V",2,211,970,1410,3200
"1331","c","f",67,"A",1,218,1090,1380,3050
"1332","c","f",67,"A",2,212,860,1250,2800
"1333","c","f",67,"O",1,211,800,1220,3700
"1334","c","f",67,"O",2,214,640,1070,3000
"1335","c","f",67,"U",1,219,660,1360,3700
"1336","c","f",67,"U",2,214,730,1500,3600
"1337","c","f",67,"u",1,220,620,1100,3250
"1338","c","f",67,"u",2,216,600,1280,3650
"1339","c","f",67,"3'",1,222,670,2130,2360
"1340","c","f",67,"3'",2,205,760,2240,2460
"1341","c","f",68,"i",1,253,330,3250,3720
"1342","c","f",68,"i",2,262,340,3100,3400
"1343","c","f",68,"I",1,250,500,2500,3640
"1344","c","f",68,"I",2,278,530,2630,3640
"1345","c","f",68,"E",1,255,710,2550,3560
"1346","c","f",68,"E",2,250,750,2480,3470
"1347","c","f",68,"{",1,233,1140,2260,3640
"1348","c","f",68,"{",2,245,1110,2230,3380
"1349","c","f",68,"V",1,256,770,1540,3500
"1350","c","f",68,"V",2,257,800,1490,3300
"1351","c","f",68,"A",1,240,940,1400,3400
"1352","c","f",68,"A",2,245,930,1370,3120
"1353","c","f",68,"O",1,240,530,860,3400
"1354","c","f",68,"O",2,240,520,910,3420
"1355","c","f",68,"U",1,255,510,1250,3320
"1356","c","f",68,"U",2,260,520,1140,3320
"1357","c","f",68,"u",1,274,360,660,3050
"1358","c","f",68,"u",2,260,310,730,3500
"1359","c","f",68,"3'",1,250,550,1500,1800
"1360","c","f",68,"3'",2,239,480,1650,1960
"1361","c","m",69,"i",1,250,300,2950,3600
"1362","c","m",69,"i",2,270,320,3210,3600
"1363","c","m",69,"I",1,290,550,2610,3560
"1364","c","m",69,"I",2,286,540,2570,3600
"1365","c","m",69,"E",1,280,700,2500,3580
"1366","c","m",69,"E",2,263,600,2360,3400
"1367","c","m",69,"{",1,260,970,2400,3200
"1368","c","m",69,"{",2,250,950,2270,3200
"1369","c","m",69,"V",1,270,780,1650,3350
"1370","c","m",69,"V",2,250,720,1500,3240
"1371","c","m",69,"A",1,278,950,1200,2950
"1372","c","m",69,"A",2,250,920,1080,2770
"1373","c","m",69,"O",1,262,790,1050,2900
"1374","c","m",69,"O",2,250,750,1000,2500
"1375","c","m",69,"U",1,275,540,1430,3320
"1376","c","m",69,"U",2,263,530,1580,3200
"1377","c","m",69,"u",1,295,420,1500,3010
"1378","c","m",69,"u",2,260,450,1330,2840
"1379","c","m",69,"3'",1,272,570,1880,2400
"1380","c","m",69,"3'",2,255,510,1610,1910
"1381","c","m",70,"i",1,235,280,2820,3400
"1382","c","m",70,"i",2,244,317,3125,3500
"1383","c","m",70,"I",1,230,460,2520,3300
"1384","c","m",70,"I",2,212,420,2480,3140
"1385","c","m",70,"E",1,235,657,2300,3300
"1386","c","m",70,"E",2,232,672,2275,3300
"1387","c","m",70,"{",1,231,808,1950,3300
"1388","c","m",70,"{",2,225,870,2000,3200
"1389","c","m",70,"V",1,236,706,1410,3200
"1390","c","m",70,"V",2,211,720,1480,2880
"1391","c","m",70,"A",1,250,950,1350,3100
"1392","c","m",70,"A",2,227,910,1360,2950
"1393","c","m",70,"O",1,203,700,1120,3070
"1394","c","m",70,"O",2,230,690,920,2760
"1395","c","m",70,"U",1,250,475,1250,3150
"1396","c","m",70,"U",2,212,460,1210,2750
"1397","c","m",70,"u",1,244,403,1100,2950
"1398","c","m",70,"u",2,242,363,920,2900
"1399","c","m",70,"3'",1,226,452,1580,1810
"1400","c","m",70,"3'",2,232,510,1550,1740
"1401","c","m",71,"i",1,230,280,3140,3830
"1402","c","m",71,"i",2,250,300,3400,3950
"1403","c","m",71,"I",1,225,450,2700,3650
"1404","c","m",71,"I",2,250,400,2840,3700
"1405","c","m",71,"E",1,215,580,2650,3550
"1406","c","m",71,"E",2,220,620,2660,3770
"1407","c","m",71,"{",1,240,910,2370,3160
"1408","c","m",71,"{",2,233,930,2350,3450
"1409","c","m",71,"V",1,250,770,1650,3420
"1410","c","m",71,"V",2,230,690,1600,3350
"1411","c","m",71,"A",1,242,970,1450,3260
"1412","c","m",71,"A",2,225,1010,1650,3150
"1413","c","m",71,"O",1,232,670,1160,3550
"1414","c","m",71,"O",2,225,720,1260,3400
"1415","c","m",71,"U",1,216,500,1640,3580
"1416","c","m",71,"U",2,250,450,1440,3500
"1417","c","m",71,"u",1,290,350,1160,3260
"1418","c","m",71,"u",2,273,330,1090,3350
"1419","c","m",71,"3'",1,240,430,1800,2400
"1420","c","m",71,"3'",2,233,470,1840,2400
"1421","c","m",72,"i",1,275,330,3050,3800
"1422","c","m",72,"i",2,286,340,2860,3610
"1423","c","m",72,"I",1,280,500,2720,3360
"1424","c","m",72,"I",2,230,600,2750,3550
"1425","c","m",72,"E",1,245,735,2450,3300
"1426","c","m",72,"E",2,258,780,2560,3300
"1427","c","m",72,"{",1,235,940,2020,2580
"1428","c","m",72,"{",2,232,1070,2320,2900
"1429","c","m",72,"V",1,268,860,1530,3100
"1430","c","m",72,"V",2,256,970,1500,3050
"1431","c","m",72,"A",1,245,780,1250,3180
"1432","c","m",72,"A",2,236,970,970,3120
"1433","c","m",72,"O",1,258,825,1210,3100
"1434","c","m",72,"O",2,300,930,930,2900
"1435","c","m",72,"U",1,260,490,1460,2860
"1436","c","m",72,"U",2,286,570,1320,2840
"1437","c","m",72,"u",1,275,470,1400,2800
"1438","c","m",72,"u",2,286,370,1160,2800
"1439","c","m",72,"3'",1,268,510,1660,2100
"1440","c","m",72,"3'",2,250,480,1700,1830
"1441","c","f",73,"i",1,295,380,3200,4000
"1442","c","f",73,"i",2,267,350,3250,3700
"1443","c","f",73,"I",1,294,380,2960,3800
"1444","c","f",73,"I",2,300,520,2900,3600
"1445","c","f",73,"E",1,280,670,2790,3600
"1446","c","f",73,"E",2,275,620,2750,3500
"1447","c","f",73,"{",1,262,1070,2380,3100
"1448","c","f",73,"{",2,275,1130,2320,3110
"1449","c","f",73,"V",1,290,700,1730,2960
"1450","c","f",73,"V",2,270,725,1570,2900
"1451","c","f",73,"A",1,278,1110,1630,2780
"1452","c","f",73,"A",2,280,1130,1400,3000
"1453","c","f",73,"O",1,292,580,930,2950
"1454","c","f",73,"O",2,270,540,1070,3000
"1455","c","f",73,"U",1,300,450,1350,3000
"1456","c","f",73,"U",2,320,520,1600,3150
"1457","c","f",73,"u",1,307,460,1460,3070
"1458","c","f",73,"u",2,300,400,1700,3000
"1459","c","f",73,"3'",1,300,540,1770,2040
"1460","c","f",73,"3'",2,286,540,2050,2300
"1461","c","m",74,"i",1,300,300,3250,3850
"1462","c","m",74,"i",2,275,275,3280,3800
"1463","c","m",74,"I",1,286,570,2850,3400
"1464","c","m",74,"I",2,267,485,2630,3450
"1465","c","m",74,"E",1,264,650,2880,3500
"1466","c","m",74,"E",2,284,570,2900,3600
"1467","c","m",74,"{",1,260,1300,2280,3130
"1468","c","m",74,"{",2,260,1300,2160,3300
"1469","c","m",74,"V",1,275,850,1540,3020
"1470","c","m",74,"V",2,262,840,1580,2880
"1471","c","m",74,"A",1,250,1230,1300,3200
"1472","c","m",74,"A",2,286,1090,1230,2980
"1473","c","m",74,"O",1,265,850,850,2920
"1474","c","m",74,"O",2,285,685,1030,2900
"1475","c","m",74,"U",1,283,540,1420,3050
"1476","c","m",74,"U",2,300,600,1440,2900
"1477","c","m",74,"u",1,280,390,1340,2830
"1478","c","m",74,"u",2,284,340,1110,3080
"1479","c","m",74,"3'",1,280,530,1650,1740
"1480","c","m",74,"3'",2,286,550,1660,1770
"1481","c","m",75,"i",1,265,370,2950,3400
"1482","c","m",75,"i",2,290,370,2910,3480
"1483","c","m",75,"I",1,271,515,2740,3280
"1484","c","m",75,"I",2,290,485,2600,3200
"1485","c","m",75,"E",1,262,630,2520,3150
"1486","c","m",75,"E",2,272,565,2440,3120
"1487","c","m",75,"{",1,262,970,2030,2880
"1488","c","m",75,"{",2,275,915,2130,2900
"1489","c","m",75,"V",1,270,810,1600,3230
"1490","c","m",75,"V",2,280,760,1530,3180
"1491","c","m",75,"A",1,270,810,1350,2940
"1492","c","m",75,"A",2,275,1000,1360,3000
"1493","c","m",75,"O",1,270,535,970,2960
"1494","c","m",75,"O",2,275,550,1080,2850
"1495","c","m",75,"U",1,275,550,1420,3040
"1496","c","m",75,"U",2,295,570,1500,3000
"1497","c","m",75,"u",1,283,510,1700,3020
"1498","c","m",75,"u",2,278,500,1640,3050
"1499","c","m",75,"3'",1,261,522,1830,2350
"1500","c","m",75,"3'",2,282,530,1800,2250
"1501","c","f",76,"i",1,320,350,3240,3760
"1502","c","f",76,"i",2,344,344,3120,3640
"1503","c","f",76,"I",1,308,590,2760,3500
"1504","c","f",76,"I",2,320,540,2900,3500
"1505","c","f",76,"E",1,307,830,2750,3650
"1506","c","f",76,"E",2,308,800,2640,3540
"1507","c","f",76,"{",1,294,1140,2450,3230
"1508","c","f",76,"{",2,239,1130,2550,3150
"1509","c","f",76,"V",1,310,930,1540,3120
"1510","c","f",76,"V",2,315,950,1670,3150
"1511","c","f",76,"A",1,350,1190,1470,3150
"1512","c","f",76,"A",2,314,1070,1460,2950
"1513","c","f",76,"O",1,300,910,1200,3180
"1514","c","f",76,"O",2,330,830,1250,3250
"1515","c","f",76,"U",1,327,630,1310,3270
"1516","c","f",76,"U",2,322,610,1550,3400
"1517","c","f",76,"u",1,345,520,1250,3460
"1518","c","f",76,"u",2,334,500,1140,3380
"1519","c","f",76,"3'",1,308,740,1850,2160
"1520","c","f",76,"3'",2,328,660,1830,2200
